order;level;code;WGSRPD_name;;
1;L1;1;Europe;;
2;L2;10;Northern Europe;;
3;L3;DEN;Denmark;;
4;L3;FIN;Finland;;
5;L3;FOR;Føroyar;;
6;L3;GRB;Great Britain;;
7;L3;ICE;Iceland;;
8;L3;IRE;Ireland;;
9;L4;IRE-IR;Ireland;;
10;L4;IRE-NI;Northern Ireland;;
11;L3;NOR;Norway;;
12;L3;SVA;Svalbard;;
13;L3;SWE;Sweden;;
14;L2;11;Middle Europe;;
15;L3;AUT;Austria;;
16;L4;AUT-AU;Austria;;
17;L4;AUT-LI;Liechtenstein;;
18;L3;BGM;Belgium;;
19;L4;BGM-BE;Belgium;;
20;L4;BGM-LU;Luxembourg;;
21;L3;CZE;Czechoslovakia;;
22;L4;CZE-CZ;Czech Republic;;
23;L4;CZE-SL;Slovakia;;
24;L3;GER;Germany;;
25;L3;HUN;Hungary;;
26;L3;NET;Netherlands;;
27;L3;POL;Poland;;
28;L3;SWI;Switzerland;;
29;L2;12;Southwestern Europe;;
30;L3;BAL;Baleares;;
31;L3;COR;Corse;;
32;L3;FRA;France;;
33;L4;FRA-CI;Channel Is.;;
34;L4;FRA-FR;France;;
35;L4;FRA-MO;Monaco;;
36;L3;POR;Portugal;;
37;L3;SAR;Sardegna;;
38;L3;SPA;Spain;;
39;L4;SPA-AN;Andorra;;
40;L4;SPA-GI;Gibraltar;;
41;L4;SPA-SP;Spain;;
42;L2;13;Southeastern Europe;;
43;L3;ALB;Albania;;
44;L3;BUL;Bulgaria;;
45;L3;GRC;Greece;;
46;L3;ITA;Italy;;
47;L4;ITA-IT;Italy;;
48;L4;ITA-SM;San Marino;;
49;L4;ITA-VC;Vatican City;;
50;L3;KRI;Kriti;;
51;L3;ROM;Romania;;
52;L3;SIC;Sicilia;;
53;L4;SIC-MA;Malta;;
54;L4;SIC-SI;Sicilia;;
55;L3;TUE;Turkey-in-Europe;;
56;L3;YUG;Yugoslavia;;
57;L4;YUG-BH;Bosnia- Herzegovina;;
58;L4;YUG-CR;Croatia;;
59;L4;YUG-KO;Kosovo;;
60;L4;YUG-MA;Macedonia;;
61;L4;YUG-MN;Montenegro;;
62;L4;YUG-SE;Serbia;;
63;L4;YUG-SL;Slovenia;;
64;L2;14;Eastern Europe;;
65;L3;BLR;Belarus;;
66;L3;BLT;Baltic States;;
67;L4;BLT-ES;Estonia;;
68;L4;BLT-KA;Kaliningrad;;
69;L4;BLT-LA;Latvia;;
70;L4;BLT-LI;Lithuania;;
71;L3;KRY;Krym;;
72;L3;RUC;Central European Russia;;
73;L3;RUE;East European Russia;;
74;L3;RUN;North European Russia;;
75;L3;RUS;South European Russia;;
76;L3;RUW;Northwest European Russia;;
77;L3;UKR;Ukraine;;
78;L4;UKR-MO;Moldova;;
79;L4;UKR-UK;Ukraine;;
80;L1;2;Africa;;
81;L2;20;Northern Africa;;
82;L3;ALG;Algeria;;
83;L3;EGY;Egypt;;
84;L3;LBY;Libya;;
85;L3;MOR;Morocco;;
86;L4;MOR-MO;Morocco;;
87;L4;MOR-SP;Spanish North African Territories;;
88;L3;TUN;Tunisia;;
89;L3;WSA;Western Sahara;;
90;L2;21;Macaronesia;;
91;L3;AZO;Azores;;
92;L3;CNY;Canary Is.;;
93;L3;CVI;Cape Verde;;
94;L3;MDR;Madeira;;
95;L3;SEL;Selvagens;;
96;L2;22;West Tropical Africa;;
97;L3;BEN;Benin;;
98;L3;BKN;Burkina;;
99;L3;GAM;Gambia, The;;
100;L3;GHA;Ghana;;
101;L3;GNB;Guinea-Bissau;;
102;L3;GUI;Guinea;;
103;L3;IVO;Ivory Coast;;
104;L3;LBR;Liberia;;
105;L3;MLI;Mali;;
106;L3;MTN;Mauritania;;
107;L3;NGA;Nigeria;;
108;L3;NGR;Niger;;
109;L3;SEN;Senegal;;
110;L3;SIE;Sierra Leone;;
111;L3;TOG;Togo;;
112;L2;23;West-Central Tropical Africa;;
113;L3;BUR;Burundi;;
114;L3;CAB;Cabinda;;
115;L3;CAF;Central African Republic;;
116;L3;CMN;Cameroon;;
117;L3;CON;Congo;;
118;L3;EQG;Equatorial Guinea;;
119;L3;GAB;Gabon;;
120;L3;GGI;Gulf of Guinea Is.;;
121;L4;GGI-AN;Annobón;;
122;L4;GGI-BI;Bioko;;
123;L4;GGI-PR;Príncipe;;
124;L4;GGI-ST;São Tomé;;
125;L3;RWA;Rwanda;;
126;L3;ZAI;Zaire;;
127;L2;24;Northeast Tropical Africa;;
128;L3;CHA;Chad;;
129;L3;DJI;Djibouti;;
130;L3;ERI;Eritrea;;
131;L3;ETH;Ethiopia;;
132;L3;SOC;Socotra;;
133;L3;SOM;Somalia;;
134;L3;SUD;Sudan;;
135;L2;25;East Tropical Africa;;
136;L3;KEN;Kenya;;
137;L3;TAN;Tanzania;;
138;L3;UGA;Uganda;;
139;L2;26;South Tropical Africa;;
140;L3;ANG;Angola;;
141;L3;MLW;Malawi;;
142;L3;MOZ;Mozambique;;
143;L3;ZAM;Zambia;;
144;L3;ZIM;Zimbabwe;;
145;L2;27;Southern Africa;;
146;L3;BOT;Botswana;;
147;L3;CPP;Cape Provinces;;
148;L4;CPP-EC;Eastern Cape Province;;
149;L4;CPP-NC;Northern Cape Province;;
150;L4;CPP-WC;Western Cape Province;;
151;L3;CPV;Caprivi Strip;;
152;L3;LES;Lesotho;;
153;L3;NAM;Namibia;;
154;L3;NAT;KwaZulu-Natal;;
155;L3;OFS;Free State;;
156;L3;SWZ;Swaziland;;
157;L3;TVL;Northern Provinces;;
158;L4;TVL-GA;Gauteng;;
159;L4;TVL-MP;Mpumalanga;;
160;L4;TVL-NP;Northern Province;;
161;L4;TVL-NW;North-West Province;;
162;L2;28;Middle Atlantic Ocean;;
163;L3;ASC;Ascension;;
164;L3;STH;St.Helena;;
165;L2;29;Western Indian Ocean;;
166;L3;ALD;Aldabra;;
167;L3;CGS;Chagos Archipelago;;
168;L3;COM;Comoros;;
169;L4;COM-CO;Comoros;;
170;L4;COM-MA;Mayotte;;
171;L3;MAU;Mauritius;;
172;L3;MCI;Mozambique Channel Is.;;
173;L3;MDG;Madagascar;;
174;L3;REU;Réunion;;
175;L3;ROD;Rodrigues;;
176;L3;SEY;Seychelles;;
177;L1;3;Asia-Temperate;;
178;L2;30;Siberia;;
179;L3;ALT;Altay;;
180;L3;BRY;Buryatiya;;
181;L3;CTA;Chita;;
182;L3;IRK;Irkutsk;;
183;L3;KRA;Krasnoyarsk;;
184;L3;TVA;Tuva;;
185;L3;WSB;West Siberia;;
186;L3;YAK;Yakutskiya;;
187;L2;31;Russian Far East;;
188;L3;AMU;Amur;;
189;L3;KAM;Kamchatka;;
190;L3;KHA;Khabarovsk;;
191;L3;KUR;Kuril Is.;;
192;L3;MAG;Magadan;;
193;L3;PRM;Primorye;;
194;L3;SAK;Sakhalin;;
195;L2;32;Middle Asia;;
196;L3;KAZ;Kazakhstan;;
197;L3;KGZ;Kirgizistan;;
198;L3;TKM;Turkmenistan;;
199;L3;TZK;Tadzhikistan;;
200;L3;UZB;Uzbekistan;;
201;L2;33;Caucasus;;
202;L3;NCS;North Caucasus;;
203;L4;NCS-CH;Chechnya;;
204;L4;NCS-DA;Dagestan;;
205;L4;NCS-IN;Ingushetiya;;
206;L4;NCS-KB;Kabardino-Balkariya;;
207;L4;NCS-KC;Karacheyevo-Cherkessiya;;
208;L4;NCS-KR;Krasnodar;;
209;L4;NCS-SO;Severo-Osetiya;;
210;L4;NCS-ST;Stavropol;;
211;L3;TCS;Transcaucasus;;
212;L4;TCS-AB;Abkhaziya;;
213;L4;TCS-AD;Adzhariya;;
214;L4;TCS-AR;Armenia;;
215;L4;TCS-AZ;Azerbaijan;;
216;L4;TCS-GR;Gruziya;;
217;L4;TCS-NA;Nakhichevan;;
218;L4;TCS-NK;Nagorno Karabakh;;
219;L2;34;Western Asia;;
220;L3;AFG;Afghanistan;;
221;L3;CYP;Cyprus;;
222;L3;EAI;East Aegean Is.;;
223;L3;IRN;Iran;;
224;L3;IRQ;Iraq;;
225;L3;LBS;Lebanon-Syria;;
226;L4;LBS-LB;Lebanon;;
227;L4;LBS-SY;Syria;;
228;L3;PAL;Palestine;;
229;L4;PAL-JO;Jordan;;
230;L4;PAL-IS;Israel;;
231;L3;SIN;Sinai;;
232;L3;TUR;Turkey;;
233;L2;35;Arabian Peninsula;;
234;L3;GST;Gulf States;;
235;L4;GST-BA;Bahrain;;
236;L4;GST-QA;Qatar;;
237;L4;GST-UA;United Arab Emirates;;
238;L3;KUW;Kuwait;;
239;L3;OMA;Oman;;
240;L3;SAU;Saudi Arabia;;
241;L3;YEM;Yemen;;
242;L4;YEM-NY;North Yemen;;
243;L4;YEM-SY;South Yemen;;
244;L2;36;China;;
245;L3;CHC;China South-Central;;
246;L4;CHC-CQ;Chongqing;;
247;L4;CHC-GZ;Guizhou;;
248;L4;CHC-HU;Hubei;;
249;L4;CHC-SC;Sichuan;;
250;L4;CHC-YN;Yunnan;;
251;L3;CHH;Hainan;;
252;L3;CHI;Inner Mongolia;;
253;L4;CHI-NM;Nei Mongol;;
254;L4;CHI-NX;Ningxia;;
255;L3;CHM;Manchuria;;
256;L4;CHM-HJ;Heilongjiang;;
257;L4;CHM-JL;Jilin;;
258;L4;CHM-LN;Liaoning;;
259;L3;CHN;China North-Central;;
260;L4;CHN-BJ;Beijing;;
261;L4;CHN-GS;Gansu;;
262;L4;CHN-HB;Hebei;;
263;L4;CHN-SA;Shaanxi;;
264;L4;CHN-SD;Shandong;;
265;L4;CHN-SX;Shanxi;;
266;L4;CHN-TJ;Tianjin;;
267;L3;CHQ;Qinghai;;
268;L3;CHS;China Southeast;;
269;L4;CHS-AH;Anhui;;
270;L4;CHS-FJ;Fujian;;
271;L4;CHS-GD;Guangdong;;
272;L4;CHS-GX;Guangxi;;
273;L4;CHS-HE;Henan;;
274;L4;CHS-HK;Hong Kong;;
275;L4;CHS-HN;Hunan;;
276;L4;CHS-JS;Jiangsu;;
277;L4;CHS-JX;Jiangxi;;
278;L4;CHS-KI;Kin-Men;;
279;L4;CHS-MA;Macau;;
280;L4;CHS-MP;Ma-tsu-Pai-chuan;;
281;L4;CHS-SH;Shanghai;;
282;L4;CHS-ZJ;Zhejiang;;
283;L3;CHT;Tibet;;
284;L3;CHX;Xinjiang;;
285;L2;37;Mongolia;;
286;L3;MON;Mongolia;;
287;L2;38;Eastern Asia;;
288;L3;JAP;Japan;;
289;L4;JAP-HK;Hokkaido;;
290;L4;JAP-HN;Honshu;;
291;L4;JAP-KY;Kyushu;;
292;L4;JAP-SH;Shikoku;;
293;L3;KOR;Korea;;
294;L4;KOR-NK;North Korea;;
295;L4;KOR-SK;South Korea;;
296;L3;KZN;Kazan-retto;;
297;L3;NNS;Nansei-shoto;;
298;L3;OGA;Ogasawara-shoto;;
299;L3;TAI;Taiwan;;
300;L1;4;Asia-Tropical;;
301;L2;40;Indian Subcontinent;;
302;L3;ASS;Assam;;
303;L4;ASS-AS;Assam;;
304;L4;ASS-MA;Manipur;;
305;L4;ASS-ME;Meghalaya;;
306;L4;ASS-MI;Mizoram;;
307;L4;ASS-NA;Nagaland;;
308;L4;ASS-TR;Tripura;;
309;L3;BAN;Bangladesh;;
310;L3;EHM;East Himalaya;;
311;L4;EHM-AP;Arunachal Pradesh;;
312;L4;EHM-BH;Bhutan;;
313;L4;EHM-DJ;Darjiling;;
314;L4;EHM-SI;Sikkim;;
315;L3;IND;India;;
316;L4;IND-AP;Andhra Pradesh;;
317;L4;IND-BI;Bihar;;
318;L4;IND-CH;Chandigarh;;
319;L4;IND-CT;Chhattisgarh;;
320;L4;IND-DD;Dadra-Nagar-Haveli;;
321;L4;IND-DE;Delhi;;
322;L4;IND-DI;Diu;;
323;L4;IND-DM;Daman;;
324;L4;IND-GO;Goa;;
325;L4;IND-GU;Gujarat;;
326;L4;IND-HA;Haryana;;
327;L4;IND-JK;Jharkhand;;
328;L4;IND-KE;Kerala;;
329;L4;IND-KL;Karaikal;;
330;L4;IND-KT;Karnataka;;
331;L4;IND-MH;Mahe;;
332;L4;IND-MP;Madhya Pradesh;;
333;L4;IND-MR;Maharashtra;;
334;L4;IND-OR;Orissa;;
335;L4;IND-PO;Pondicherry;;
336;L4;IND-PU;Punjab;;
337;L4;IND-RA;Rajasthan;;
338;L4;IND-TN;Tamil Nadu;;
339;L4;IND-UP;Uttar Pradesh;;
340;L4;IND-WB;West Bengal;;
341;L4;IND-YA;Yanam;;
342;L3;LDV;Laccadive Is.;;
343;L3;MDV;Maldives;;
344;L3;NEP;Nepal;;
345;L3;PAK;Pakistan;;
346;L3;SRL;Sri Lanka;;
347;L3;WHM;West Himalaya;;
348;L4;WHM-HP;Himachal Pradesh;;
349;L4;WHM-JK;Jammu-Kashmir;;
350;L4;WHM-UT;Uttaranchal;;
351;L2;41;Indo-China;;
352;L3;AND;Andaman Is.;;
353;L4;AND-AN;Andaman Is.;;
354;L4;AND-CO;Coco Is.;;
355;L3;CBD;Cambodia;;
356;L3;LAO;Laos;;
357;L3;MYA;Myanmar;;
358;L3;NCB;Nicobar Is.;;
359;L3;SCS;South China Sea;;
360;L4;SCS-PI;Paracel Is.;;
361;L4;SCS-SI;Spratly Is.;;
362;L3;THA;Thailand;;
363;L3;VIE;Vietnam;;
364;L2;42;Malesia;;
365;L3;BOR;Borneo;;
366;L4;BOR-BR;Brunei;;
367;L4;BOR-KA;Kalimantan;;
368;L4;BOR-SB;Sabah;;
369;L4;BOR-SR;Sarawak;;
370;L3;CKI;Cocos (Keeling) Is.;;
371;L3;JAW;Jawa;;
372;L3;LSI;Lesser Sunda Is.;;
373;L4;LSI-BA;Bali;;
374;L4;LSI-ET;East Timor;;
375;L4;LSI-LS;Lesser Sunda Is.;;
376;L3;MLY;Malaya;;
377;L4;MLY-PM;Peninsular Malaysia;;
378;L4;MLY-SI;Singapore;;
379;L3;MOL;Maluku;;
380;L3;PHI;Philippines;;
381;L3;SUL;Sulawesi;;
382;L3;SUM;Sumatera;;
383;L3;XMS;Christmas I.;;
384;L2;43;Papuasia;;
385;L3;BIS;Bismarck Archipelago;;
386;L3;NWG;New Guinea;;
387;L4;NWG-PN;Papua New Guinea;;
388;L4;NWG-IJ;Irian Jaya;;
389;L3;SOL;Solomon Is.;;
390;L4;SOL-NO;North Solomons;;
391;L4;SOL-SO;South Solomons;;
392;L1;5;Australasia;;
393;L2;50;Australia;;
394;L3;NFK;Norfolk Is.;;
395;L4;NFK-LH;Lord Howe I.;;
396;L4;NFK-NI;Norfolk I.;;
397;L3;NSW;New South Wales;;
398;L4;NSW-CT;Australian Capital Territory;;
399;L4;NSW-NS;New South Wales;;
400;L3;NTA;Northern Territory;;
401;L3;QLD;Queensland;;
402;L4;QLD-CS;Coral Sea Is. Territory;;
403;L4;QLD-QU;Queensland;;
404;L3;SOA;South Australia;;
405;L3;TAS;Tasmania;;
406;L3;VIC;Victoria;;
407;L3;WAU;Western Australia;;
408;L4;WAU-AC;Ashmore-Cartier Is.;;
409;L4;WAU-WA;Western Australia;;
410;L2;51;New Zealand;;
411;L3;ATP;Antipodean Is.;;
412;L3;CTM;Chatham Is.;;
413;L3;KER;Kermadec Is.;;
414;L3;NZN;New Zealand North;;
415;L3;NZS;New Zealand South;;
416;L1;6;Pacific;;
417;L2;60;Southwestern Pacific;;
418;L3;FIJ;Fiji;;
419;L3;GIL;Gilbert Is.;;
420;L3;HBI;Howland-Baker Is.;;
421;L3;NRU;Nauru;;
422;L3;NUE;Niue;;
423;L3;NWC;New Caledonia;;
424;L3;PHX;Phoenix Is.;;
425;L3;SAM;Samoa;;
426;L4;SAM-AS;American Samoa;;
427;L4;SAM-WS;Samoa;;
428;L3;SCZ;Santa Cruz Is.;;
429;L3;TOK;Tokelau-Manihiki;;
430;L4;TOK-MA;Manihiki Is.;;
431;L4;TOK-SW;Swains I.;;
432;L4;TOK-TO;Tokelau;;
433;L3;TON;Tonga;;
434;L3;TUV;Tuvalu;;
435;L3;VAN;Vanuatu;;
436;L3;WAL;Wallis-Futuna Is.;;
437;L2;61;South-Central Pacific;;
438;L3;COO;Cook Is.;;
439;L3;EAS;Easter Is.;;
440;L3;LIN;Line Is.;;
441;L4;LIN-KI;Kiribati Line Is.;;
442;L4;LIN-US;U.S. Line Is.;;
443;L3;MRQ;Marquesas;;
444;L3;PIT;Pitcairn Is.;;
445;L3;SCI;Society Is.;;
446;L3;TUA;Tuamotu;;
447;L3;TUB;Tubuai Is.;;
448;L2;62;Northwestern Pacific;;
449;L3;CRL;Caroline Is.;;
450;L4;CRL-MF;Micronesia Federated States;;
451;L4;CRL-PA;Palau;;
452;L3;MCS;Marcus I.;;
453;L3;MRN;Marianas;;
454;L4;MRN-GU;Guam;;
455;L4;MRN-NM;Northern Marianas;;
456;L3;MRS;Marshall Is.;;
457;L3;WAK;Wake I.;;
458;L2;63;North-Central Pacific;;
459;L3;HAW;Hawaii;;
460;L4;HAW-HI;Hawaiian Is.;;
461;L4;HAW-JI;Johnston I.;;
462;L4;HAW-MI;Midway Is.;;
463;L1;7;Northern America;;
464;L2;70;Subarctic America;;
465;L3;ALU;Aleutian Is.;;
466;L3;ASK;Alaska;;
467;L3;GNL;Greenland;;
468;L3;NUN;Nunavut;;
469;L3;NWT;Northwest Territories;;
470;L3;YUK;Yukon;;
471;L2;71;Western Canada;;
472;L3;ABT;Alberta;;
473;L3;BRC;British Columbia;;
474;L3;MAN;Manitoba;;
475;L3;SAS;Saskatchewan;;
476;L2;72;Eastern Canada;;
477;L3;LAB;Labrador;;
478;L3;NBR;New Brunswick;;
479;L3;NFL;Newfoundland;;
480;L4;NFL-NE;Newfoundland;;
481;L4;NFL-SP;St. Pierre-Miquelon;;
482;L3;NSC;Nova Scotia;;
483;L3;ONT;Ontario;;
484;L3;PEI;Prince Edward I.;;
485;L3;QUE;Québec;;
486;L2;73;Northwestern U.S.A.;;
487;L3;COL;Colorado;;
488;L3;IDA;Idaho;;
489;L3;MNT;Montana;;
490;L3;ORE;Oregon;;
491;L3;WAS;Washington;;
492;L3;WYO;Wyoming;;
493;L2;74;North-Central U.S.A.;;
494;L3;ILL;Illinois;;
495;L3;IOW;Iowa;;
496;L3;KAN;Kansas;;
497;L3;MIN;Minnesota;;
498;L3;MSO;Missouri;;
499;L3;NDA;North Dakota;;
500;L3;NEB;Nebraska;;
501;L3;OKL;Oklahoma;;
502;L3;SDA;South Dakota;;
503;L3;WIS;Wisconsin;;
504;L2;75;Northeastern U.S.A.;;
505;L3;CNT;Connecticut;;
506;L3;INI;Indiana;;
507;L3;MAI;Maine;;
508;L3;MAS;Massachusetts;;
509;L3;MIC;Michigan;;
510;L3;NWH;New Hampshire;;
511;L3;NWJ;New Jersey;;
512;L3;NWY;New York;;
513;L3;OHI;Ohio;;
514;L3;PEN;Pennsylvania;;
515;L3;RHO;Rhode I.;;
516;L3;VER;Vermont;;
517;L3;WVA;West Virginia;;
518;L2;76;Southwestern U.S.A.;;
519;L3;ARI;Arizona;;
520;L3;CAL;California;;
521;L3;NEV;Nevada;;
522;L3;UTA;Utah;;
523;L2;77;South-Central U.S.A.;;
524;L3;NWM;New Mexico;;
525;L3;TEX;Texas;;
526;L2;78;Southeastern U.S.A.;;
527;L3;ALA;Alabama;;
528;L3;ARK;Arkansas;;
529;L3;DEL;Delaware;;
530;L3;FLA;Florida;;
531;L3;GEO;Georgia;;
532;L3;KTY;Kentucky;;
533;L3;LOU;Louisiana;;
534;L3;MRY;Maryland;;
535;L3;MSI;Mississippi;;
536;L3;NCA;North Carolina;;
537;L3;SCA;South Carolina;;
538;L3;TEN;Tennessee;;
539;L3;VRG;Virginia;;
540;L3;WDC;District of Columbia;;
541;L2;79;Mexico;;
542;L3;MXC;Mexico Central;;
543;L4;MXC-DF;Mexico Distrito Federal;;
544;L4;MXC-ME;Mexico State;;
545;L4;MXC-MO;Morelos;;
546;L4;MXC-PU;Puebla;;
547;L4;MXC-TL;Tlaxcala;;
548;L3;MXE;Mexico Northeast;;
549;L4;MXE-AG;Aguascalientes;;
550;L4;MXE-CO;Coahuila;;
551;L4;MXE-CU;Chihuahua;;
552;L4;MXE-DU;Durango;;
553;L4;MXE-GU;Guanajuato;;
554;L4;MXE-HI;Hidalgo;;
555;L4;MXE-NL;Nuevo León;;
556;L4;MXE-QU;Querétaro;;
557;L4;MXE-SL;San Luis Potosí;;
558;L4;MXE-TA;Tamaulipas;;
559;L4;MXE-ZA;Zacatecas;;
560;L3;MXG;Mexico Gulf;;
561;L4;MXG-VC;Veracruz;;
562;L3;MXI;Mexican Pacific Is.;;
563;L4;MXI-GU;Guadalupe I.;;
564;L4;MXI-RA;Rocas Alijos;;
565;L4;MXI-RG;Revillagigedo Is.;;
566;L3;MXN;Mexico Northwest;;
567;L4;MXN-BC;Baja California;;
568;L4;MXN-BS;Baja California Sur;;
569;L4;MXN-SI;Sinaloa;;
570;L4;MXN-SO;Sonora;;
571;L3;MXS;Mexico Southwest;;
572;L4;MXS-CL;Colima;;
573;L4;MXS-GR;Guerrero;;
574;L4;MXS-JA;Jalisco;;
575;L4;MXS-MI;Michoacan;;
576;L4;MXS-NA;Nayarit;;
577;L4;MXS-OA;Oaxaca;;
578;L3;MXT;Mexico Southeast;;
579;L4;MXT-CA;Campeche;;
580;L4;MXT-CI;Chiapas;;
581;L4;MXT-QR;Quintana Roo;;
582;L4;MXT-TB;Tabasco;;
583;L4;MXT-YU;Yucatán;;
584;L1;8;Southern America;;
585;L2;80;Central America;;
586;L3;BLZ;Belize;;
587;L3;COS;Costa Rica;;
588;L3;CPI;Central American Pacific Is.;;
589;L4;CPI-CL;Clipperton I.;;
590;L4;CPI-CO;Cocos I.;;
591;L4;CPI-MA;Malpelo I.;;
592;L3;ELS;El Salvador;;
593;L3;GUA;Guatemala;;
594;L3;HON;Honduras;;
595;L3;NIC;Nicaragua;;
596;L3;PAN;Panama;;
597;L2;81;Caribbean;;
598;L3;ARU;Aruba;;
599;L3;BAH;Bahamas;;
600;L3;BER;Bermuda;;
601;L3;CAY;Cayman Is.;;
602;L3;CUB;Cuba;;
603;L3;DOM;Dominican Republic;;
604;L3;HAI;Haiti;;
605;L4;HAI-HA;Haiti;;
606;L4;HAI-NI;Navassa I.;;
607;L3;JAM;Jamaica;;
608;L3;LEE;Leeward Is.;;
609;L4;LEE-AB;Antigua-Barbuda;;
610;L4;LEE-AG;Anguilla;;
611;L4;LEE-AV;Aves I.;;
612;L4;LEE-BV;British Virgin Is.;;
613;L4;LEE-GU;Guadeloupe;;
614;L4;LEE-MO;Montserrat;;
615;L4;LEE-NL;Netherlands Leeward Is.;;
616;L4;LEE-SK;St. Kitts-Nevis;;
617;L4;LEE-SM;St. Martin-St. Barthelemy;;
618;L4;LEE-VI;Virgin Is.;;
619;L3;NLA;Netherlands Antilles;;
620;L4;NLA-BO;Bonaire;;
621;L4;NLA-CU;Curaçao;;
622;L3;PUE;Puerto Rico;;
623;L3;SWC;Southwest Caribbean;;
624;L4;SWC-CC;Colombian Caribbean Is.;;
625;L4;SWC-HC;Honduran Caribbean Is.;;
626;L4;SWC-NC;Nicaraguan Caribbean Is.;;
627;L3;TCI;Turks-Caicos Is.;;
628;L3;TRT;Trinidad-Tobago;;
629;L3;VNA;Venezuelan Antilles;;
630;L3;WIN;Windward Is.;;
631;L4;WIN-BA;Barbados;;
632;L4;WIN-DO;Dominica;;
633;L4;WIN-GR;Grenada;;
634;L4;WIN-MA;Martinique;;
635;L4;WIN-SL;St. Lucia;;
636;L4;WIN-SV;St. Vincent;;
637;L2;82;Northern South America;;
638;L3;FRG;French Guiana;;
639;L3;GUY;Guyana;;
640;L3;SUR;Suriname;;
641;L3;VEN;Venezuela;;
642;L2;83;Western South America;;
643;L3;BOL;Bolivia;;
644;L3;CLM;Colombia;;
645;L3;ECU;Ecuador;;
646;L3;GAL;Galápagos;;
647;L3;PER;Peru;;
648;L2;84;Brazil;;
649;L3;BZC;Brazil West-Central;;
650;L4;BZC-DF;Brasilia Distrito Federal;;
651;L4;BZC-GO;Goias;;
652;L4;BZC-MS;Mato Grosso do Sul;;
653;L4;BZC-MT;Mato Grosso;;
654;L3;BZE;Brazil Northeast;;
655;L4;BZE-AL;Alagoas;;
656;L4;BZE-BA;Bahia;;
657;L4;BZE-CE;Ceara;;
658;L4;BZE-FN;Fernando de Noronha;;
659;L4;BZE-MA;Maranhao;;
660;L4;BZE-PB;Paraiba;;
661;L4;BZE-PE;Pernambuco;;
662;L4;BZE-PI;Piaui;;
663;L4;BZE-RN;Rio Grande do Norte;;
664;L4;BZE-SE;Sergipe;;
665;L3;BZL;Brazil Southeast;;
666;L4;BZL-ES;Espirito Santo;;
667;L4;BZL-MG;Minas Gerais;;
668;L4;BZL-RJ;Rio de Janeiro;;
669;L4;BZL-SP;Sao Paulo;;
670;L4;BZL-TR;Trindade;;
671;L3;BZN;Brazil North;;
672;L4;BZN-AC;Acre;;
673;L4;BZN-AM;Amazonas;;
674;L4;BZN-AP;Amapa;;
675;L4;BZN-PA;Para;;
676;L4;BZN-RM;Roraima;;
677;L4;BZN-RO;Rondonia;;
678;L4;BZN-TO;Tocantins;;
679;L3;BZS;Brazil South;;
680;L4;BZS-PR;Parana;;
681;L4;BZS-RS;Rio Grande do Sul;;
682;L4;BZS-SC;Santa Catarina;;
683;L2;85;Southern South America;;
684;L3;AGE;Argentina Northeast;;
685;L4;AGE-BA;Buenos Aires;;
686;L4;AGE-CD;Cordoba;;
687;L4;AGE-CH;Chaco;;
688;L4;AGE-CN;Corrientes;;
689;L4;AGE-DF;Argentina Distrito Federal;;
690;L4;AGE-ER;Entre Rios;;
691;L4;AGE-FO;Formosa;;
692;L4;AGE-LP;La Pampa;;
693;L4;AGE-MI;Misiones;;
694;L4;AGE-SF;Santa Fe;;
695;L3;AGS;Argentina South;;
696;L4;AGS-CB;Chubut;;
697;L4;AGS-NE;Neuquen;;
698;L4;AGS-RN;Rio Negro;;
699;L4;AGS-SC;Santa Cruz;;
700;L4;AGS-TF;Tierra del Fuego (Argentina);;
701;L3;AGW;Argentina Northwest;;
702;L4;AGW-CA;Catamarca;;
703;L4;AGW-JU;Jujuy;;
704;L4;AGW-LR;La Rioja;;
705;L4;AGW-ME;Mendoza;;
706;L4;AGW-SA;Salta;;
707;L4;AGW-SE;Santiago del Estero;;
708;L4;AGW-SJ;San Juan;;
709;L4;AGW-SL;San Luis;;
710;L4;AGW-TU;Tucuman;;
711;L3;CLC;Chile Central;;
712;L4;CLC-BI;Biobio;;
713;L4;CLC-CO;Coquimbo;;
714;L4;CLC-LA;La Araucania;;
715;L4;CLC-MA;Maule;;
716;L4;CLC-OH;O'Higgins;;
717;L4;CLC-SA;Santiago;;
718;L4;CLC-VA;Valparaiso;;
719;L3;CLN;Chile North;;
720;L4;CLN-AN;Antofagasta;;
721;L4;CLN-AT;Atacama;;
722;L4;CLN-TA;Tarapaca;;
723;L3;CLS;Chile South;;
724;L4;CLS-AI;Aisen;;
725;L4;CLS-LL;Los Lagos;;
726;L4;CLS-MG;Magellanes;;
727;L3;DSV;Desventurados Is.;;
728;L3;JNF;Juan Fernández Is.;;
729;L3;PAR;Paraguay;;
730;L3;URU;Uruguay;;
731;L1;9;Antarctic;;
732;L2;90;Subantarctic Islands;;
733;L3;ASP;Amsterdam-St.Paul Is.;;
734;L3;BOU;Bouvet I.;;
735;L3;CRZ;Crozet Is.;;
736;L3;FAL;Falkland Is.;;
737;L3;HMD;Heard-McDonald Is.;;
738;L3;KEG;Kerguelen;;
739;L3;MAQ;Macquarie Is.;;
740;L3;MPE;Marion-Prince Edward Is.;;
741;L3;SGE;South Georgia;;
742;L3;SSA;South Sandwich Is.;;
743;L3;TDC;Tristan da Cunha;;
744;L2;91;Antarctic Continent;;
745;L3;ANT;Antarctica;;